livelink,email,username,password,listed_by,index_status,da_pa,comment,Date
https://www.movieforums.com/community/member.php?u=118965,,,,,,,,"02-08-2022 ""Pradyumen"""
http://phillipsservices.net/UserProfile/tabid/43/userId/159865/Default.aspx,,,,,,,,"02-08-2022 ""Pradyumen"""
https://sciprofiles.com/profile/2367026,,,,,,,,"02-08-2022 ""Pradyumen"""
http://sas.scrippscollege.edu/sas-blog/sas-voice-article-october-16th,,,,,,,,"02-08-2022 ""Pradyumen"""
https://smotra.ru/users/neverendservices/,,,,,,,,"02-08-2022 ""Pradyumen"""
https://share-legacy.substance3d.com/libraries/6363,,,,,,,,"02-08-2022 ""Pradyumen"""
https://www.tabletennisdaily.com/forum/member.php?109338-neverendservices,,,,,,,,"02-08-2022 ""Pradyumen"""
https://community.teltonika-gps.com/user/neverendservices,,,,,,,,"02-08-2022 ""Pradyumen"""
https://tgirlforums.com/yabbse/privatemessage/view/1088485?folderid=938680,,,,,,,,"02-08-2022 ""Pradyumen"""
https://www.thecityclassified.com/author/neverendservices/,,,,,,,,"02-08-2022 ""Pradyumen"""
https://thehoya.com/gupd-gusa-launch-pilot-safety-programs/?unapproved=103561&moderation-hash=2795655b85fc6f36aca3e1bdeb2004a2#comment-103561,,,,,,,,"02-08-2022 ""Pradyumen"""
http://forums.wolflair.com/member.php?u=100173,,,,,,,,"02-08-2022 ""Pradyumen"""
https://community.wongcw.com/neverendservices,,,,,,,,"02-08-2022 ""Pradyumen"""
https://community.wongcw.com/neverendservices,,,,,,,,"02-08-2022 ""Pradyumen"""
https://www.alora.io/forums/user/598182-neverendserv/,,,,,,,,"02-08-2022 ""Pradyumen"""
https://www.ask-oracle.com/members/aromaspa002-2-2/,,,,,,,,"02-08-2022 ""Pradyumen"""
https://www.beamng.com/members/neverendservices.492651/,,,,,,,,"02-08-2022 ""Pradyumen"""
https://cherishedbliss.com/how-to-plan-a-kitchen-remodel/#comment-178343,,,,,,,,"02-08-2022 ""Pradyumen"""
https://www.classyclutter.net/pumpkin-recipes/?unapproved=124406&moderation-hash=a28b11511a71688cd0a7e98b56afb70a#comment-124406,,,,,,,,"02-08-2022 ""Pradyumen"""
https://riuso.comune.salerno.it/snippets/7209,,,,,,,,"02-08-2022 ""Pradyumen"""
http://www.dailymagazine.news/news-nid-529385.html#comment_formx,,,,,,,,"02-08-2022 ""Pradyumen"""
http://www.kharkov.davr.gov.ua/archives/4941/p1090881#comment-5037278,,,,,,,,"02-08-2022 ""Pradyumen"""
https://www.drupalgovcon.org/user/218836,,,,,,,,"02-08-2022 ""Pradyumen"""
https://www.drupalgovcon.org/user/218836,,,,,,,,"02-08-2022 ""Pradyumen"""
https://www.mojandroid.sk/forum/users/neverendservices/,,,,,,,,
https://admin.phacility.com/p/aromaspa002/,,,,,,,,
https://engage.reneweuropegroup.eu/profiles/neverendservices,,,,,,,,
https://satori.lv/profile/-6735,,,,,,,,
https://www.seqanswers.com/member/145294-neverendservices,,,,,,,,
https://www.sportsgossip.com/community/profile/neverendservices/,,,,,,,,
https://stitchitintl.com/support-forum/profile/neverendservices/,,,,,,,,
https://setup.teamxray.com/sheet/favourite?userSheetId=20604&search=Bangalore+Escorts&do=markFavourite,,,,,,,,
https://www.toonsmag.com/members/neverendservices/profile/,,,,,,,,
https://www.turkcebilgi.com/osmanli_imparatorlugu#comment-47330,,,,,,,,
http://twubs.com/neverendservices,,,,,,,,
https://forum.unogs.com/user/neverendservices,,,,,,,,
https://velog.io/@neverendservices/Welcome-to-an-affordable-and-the-most-reliable-Bangalore-Escorts,,,,,,,,
https://wperp.com/users/neverendservices/,,,,,,,,
https://www.yourcupofcake.com/chocolate-cherry-texas-sheet-cake/#comment-408562,,,,,,,,
https://airsoftcanada.com/member.php?u=390800,,,,,,,,
https://blender.community/neverendservices/,,,,,,,,
http://status.ecotrust.org/2012/08/back-up.html?sc=1659766886942#c1651894827970991049,,,,,,,,
https://demo.evolutionscript.com/index.php/forum/topic/134505-Bangalore-Female-Escorts-to-Make-Your-Night-Memorable,,,,,,,,
https://fortunetelleroracle.com/profile/neverendservices/settings,,,,,,,,
https://zeugaz.getxo.eus/profiles/neverendservices,,,,,,,,
https://graphcommons.com/neverendservices,,,,,,,,
https://my.hockeybuzz.com/user.php?user_id=313040,,,,,,,,
https://www.informuji.cz/fan/31181/,,,,,,,,
http://lib.krsu.edu.kg/index.php?name=news&op=view&id=27,,,,,,,,
https://may-dialogue.lamayenne.fr/profiles/neverendservices/,,,,,,,,
http://macuisinevapeur.maison.com/2010/07/guacamole-de-feves.html?sc=1659771160390#c1923610544979173952,,,,,,,,
,,,,,,,,
https://mrchomagama.lk/community/profile/neverendservices/,,,,,,,,
https://freefirsttest.com/home/community/profile/neverendservices/,,,,,,,,
https://kea-games.com/community/profile/neverendservices/,,,,,,,,
https://beethovenourcontemporary.com/community/profile/neverendservices/,,,,,,,,
https://centroherramientasparalavida.com/community/profile/neverendservices/,,,,,,,,
https://seekingmaryhudson.com/community/profile/neverendservices,,,,,,,,
https://sunderlandglobalmedia.org/Forum/profile/neverendservices/,,,,,,,,
http://www.greenpink.live/forum/profile/20/,,,,,,,,
https://pipstario.com/forums/profile/neverendservices/,,,,,,,,
,,,,,,,,
https://the-rekalibrator.org/community/profile/neverendservices/,,,,,,,,
https://thesaltdoll.org/community/profile/neverendservices/,,,,,,,,
http://friendsofthebrothersband.com/community/main-forum/bangalore-escorts-feel-like-a-king-with-our-high-quality-escorts/#top,,,,,,,,
https://bartoov.com/community/profile/neverendservices/,,,,,,,,
https://plataformamusic.com/community/profile/neverendservices,,,,,,,,
https://thecorpora.com/community/general-discussions/247-bangalore-escorts-for-your-pleasure/,,,,,,,,
,,,,,,,,
https://ecobluedirectory.com/gosearch.php?q=https%3A%2F%2Fwww.neverendservices.com&search-btn.x=0&search-btn.y=0,,,,,,,,
https://expansiondirectory.com/gosearch.php?q=neverendservices.com,,,,,,,,
https://fruity-directory.com/gosearch.php?q=neverendservices.com&x=0&y=0,,,,,,,,
https://greenydirectory.com/gosearch.php?q=neverendservices.com,,,,,,,,
https://groovy-directory.com/gosearch.php?q=neverendservices.com&search-btn.x=0&search-btn.y=0,,,,,,,,
https://dbsdirectory.com/gosearch.php?q=neverendservices.com,,,,,,,,
https://deepbluedirectory.com/gosearch.php?q=neverendservices.com,,,,,,,,
https://dicedirectory.com/gosearch.php?q=neverendservices.com,,,,,,,,
https://direct-directory.com/gosearch.php?q=neverendservices.com&search-btn2.x=0&search-btn2.y=0,,,,,,,,
https://earthlydirectory.com/gosearch.php?q=neverendservices.com&search-btn.x=32&search-btn.y=6,,,,,,,,
http://celestialdirectory.com/gosearch.php?q=neverendservices.com&search-btn.x=0&search-btn.y=0,,,,,,,,
http://cleangreendirectory.com/gosearch.php?q=neverendservices.com&search-btn.x=45&search-btn.y=13,,,,,,,,
http://coles-directory.com/gosearch.php?q=neverendservices.com,,,,,,,,
http://colorblossomdirectory.com/gosearch.php?q=neverendservices.com&search-btn.x=0&search-btn.y=0,,,,,,,,
http://darkschemedirectory.com/gosearch.php?q=neverendservices.com,,,,,,,,
http://darkschemedirectory.com/gosearch.php?q=neverendservices.com,,,,,,,,
https://blackgreendirectory.com/gosearch.php?q=neverendservices.com&search-btn.x=0&search-btn.y=0,,,,,,,,
https://bluebook-directory.com/gosearch.php?q=neverendservices.com,,,,,,,,
https://bluesparkledirectory.com/gosearch.php?q=neverendservices.com,,,,,,,,
https://brownedgedirectory.com/gosearch.php?q=neverendservices.com,,,,,,,,
https://alive2directory.com/gosearch.php?q=neverendservices.com,,,,,,,,
https://arcticdirectory.com/gosearch.php?q=neverendservices.com,,,,,,,,
